{"action_count": 3, "alpha": 0.1, "gamma": 0.95, "epsilon": 0.18078415936, "epsilon_decay": 0.98, "min_epsilon": 0.05, "q_table": {"0,0,0,0": [0.00021595724683720618, 0.0, -0.18940068781375885], "0,0,-1,0": [0.00381490308791399, 0.0, 0.0], "0,-1,1,0": [0.06758375465869904, -0.002225722186267376, -0.10000000149011612], "-1,1,1,0": [0.2251647412776947, 0.044421155005693436, -0.16948622465133667], "1,1,0,0": [0.02153676748275757, 0.0, 0.0], "1,0,1,1": [-0.11099515110254288, -0.23520591855049133, 0.0], "0,1,-1,1": [0.0011324870865792036, -0.15818871557712555, 0.0], "1,-1,1,1": [1.2226506471633911, -0.1983240395784378, -0.5013642907142639], "-1,1,-1,1": [-0.2278740108013153, -0.5761277675628662, -0.6126895546913147], "1,-1,-1,1": [-0.26665398478507996, 0.1316472291946411, -1.3930580615997314], "-1,-1,-1,1": [-0.14897498488426208, 0.001848458545282483, -0.5873819589614868], "-1,-1,0,1": [-0.27866506576538086, -0.40628206729888916, -1.0648646354675293], "-1,0,-1,1": [-0.09736797213554382, -0.17454682290554047, -0.24945306777954102], "0,-1,-1,1": [0.5576050877571106, 0.0, -0.015462273731827736], "-1,-1,1,1": [-0.5018556118011475, 0.09939220547676086, -0.3359561562538147], "1,-1,-1,0": [0.06219608709216118, 0.268584281206131, -0.3735288083553314], "-1,-1,-1,0": [0.0010855334112420678, 0.2152881622314453, -0.1863371878862381], "-1,-1,1,0": [0.07719599455595016, 0.0, -0.26182374358177185], "1,1,1,0": [0.07293815910816193, 0.2455933392047882, -0.1899999976158142], "1,1,-1,0": [0.1771465241909027, 0.09835480898618698, -0.24494266510009766], "1,-1,1,0": [0.16969414055347443, 0.06648721545934677, -0.31659451127052307], "-1,1,-1,0": [0.15833184123039246, 0.10013799369335175, -0.3409898281097412], "-1,-1,0,0": [0.0, 0.0, 0.0], "-1,0,1,0": [0.02167685329914093, 0.0, 0.0], "0,1,1,0": [0.044898469001054764, 0.14585867524147034, -0.09054011106491089], "-1,1,1,1": [0.09542222321033478, 0.006602445151656866, 1.4770277738571167], "1,1,0,1": [0.032886382192373276, -0.05914737656712532, 0.3756886124610901], "1,0,-1,1": [0.13100720942020416, 0.0, 0.0], "0,-1,1,1": [0.3078889846801758, 0.2734387516975403, -0.2271619439125061], "1,0,1,0": [0.08109435439109802, 0.0004025638336315751, 0.0], "1,1,1,1": [-0.04245484620332718, -0.20126047730445862, -0.2545391023159027], "1,1,-1,1": [0.4631069600582123, -0.548470139503479, -0.2857046127319336], "1,-1,0,0": [0.00786571204662323, 0.0, -0.18806497752666473], "0,1,-1,0": [0.11615400016307831, 0.0, -0.06811857968568802], "-1,0,-1,0": [0.024604128673672676, 0.06240033730864525, -0.08501236140727997], "0,-1,0,0": [0.0027169135864824057, 0.0, 0.0], "-1,1,0,0": [0.011232281103730202, 0.0207010880112648, 0.0], "0,-1,-1,0": [0.0019383132457733154, 0.14857277274131775, 0.0], "1,0,-1,0": [0.021633995696902275, 0.06069604307413101, -0.2428653985261917], "0,0,1,0": [0.020445015281438828, 0.0, 0.0], "-1,0,1,1": [-0.06371854990720749, 0.03600440174341202, -0.09591500461101532], "0,1,1,1": [0.31355100870132446, 0.0, 0.0], "-1,0,0,0": [0.0, 0.0, 0.0], "1,-1,0,1": [0.09922168403863907, -0.08708779513835907, 0.0], "0,1,0,1": [-0.09541632235050201, 0.0, 0.0], "0,-1,0,1": [-0.031234601512551308, -0.19788406789302826, 0.0], "-1,0,0,1": [-0.27702149748802185, 0.030154235661029816, 0.0], "0,0,-1,1": [-0.003460270818322897, 0.0, -0.10577348619699478], "-1,1,0,1": [0.0, 0.0, -0.22959180176258087], "1,0,0,0": [0.0, 0.006573551334440708, 0.0], "1,0,0,1": [-0.07402613759040833, 0.0, 0.0], "0,1,0,0": [0.0019071807619184256, 0.0, 0.0], "0,0,1,1": [-0.01935739442706108, 0.0, 0.0]}}